{
  "appetizers": [
    { "name": "Edamame", "price": "5.95", "description": "(boiled soybeans) Add garlic and/or spicy + 2.00" },
    { "name": "Gyoza", "price": "8.95", "description": "(pan-fried dumplings)" },
    { "name": "Age-Tofu", "price": "8.95", "description": "(deep-fried tofu topped with bonito flakes)" },
    { "name": "Ika Fry", "price": "8.95", "description": "(deep-fried squid)" },
    { "name": "Croquette", "price": "8.95", "description": "(deep-fried mashed potato patty)" },
    { "name": "Tempura (Appetizer)", "price": "8.95", "description": "(deep-fried prawns & vegetables)" },
    { "name": "Soft-Shell Crab", "price": "11.95", "description": "(deep-fried soft-shell crab)" },
    { "name": "Chicken Fried Rice", "price": "11.95", "description": "(fried rice with peas, carrots, corn, egg, and chicken)" }
  ],
  "sushi_sashimi": [
    { "name": "Sashimi", "price": "14.95", "description": "(assorted sliced raw fish)" },
    { "name": "Nigiri Sushi", "price": "14.95", "description": "(6 pc assorted fish on sushi rice)" },
    { "name": "Albacore Sashimi or Spicy Tako Sashimi", "price": "14.95", "description": "(seared white tuna or octopus w/ ponzu sauce, green onion, and tobiko)" },
    { "name": "Sashimi Deluxe", "price": "26.95", "description": "(Assorted sliced raw fish ‑ seasonal selection)" },
    { "name": "Tuna Sashimi", "price": "26.95", "description": "(sliced raw tuna)" },
    { "name": "Hamachi Sashimi", "price": "26.95", "description": "(sliced raw yellowtail)" },
    { "name": "Chirashi", "price": "26.95", "description": "(variety of sliced raw fish over sushi rice)" },
    { "name": "Tekka Don", "price": "26.95", "description": "(sliced raw tuna over sushi rice)" },
    { "name": "Hamachi Don", "price": "26.95", "description": "(sliced raw yellowtail over sushi rice)" },
    { "name": "Happy Sushi", "price": "26.95", "description": "(9-piece Chef's selected nigiri)" },
    { "name": "Sushi Combination", "price": "26.95", "description": "(1 California roll, 1 basic maki, 2-piece Chef's selected nigiri)" }
  ],
  "bento": [
    {
      "name": "Bento Combo",
      "price": "17.95",
      "description": "Served with salad, rice & soup. Choose any two items: Chicken Teriyaki, Beef Teriyaki*, Tempura, Ton Katsu (pork), Chicken Katsu, California Roll, Sashimi, Salmon Teriyaki or Shioyaki, Shrimp Katsu, Grilled Mackerel (Saba), Croquette.",
      "notes": "*Beef Teriyaki not available at Discovery Bay"
    }
  ],
  "entrees": [
    { "name": "Chicken Teriyaki", "price": "15.95", "description": "(grilled chicken w/ teriyaki sauce)" },
    { "name": "Tempura", "price": "15.95", "description": "(deep-fried prawns & vegetables)" },
    { "name": "Chicken Katsu", "price": "15.95", "description": "(breaded & deep-fried chicken breast)" },
    { "name": "Ton Katsu", "price": "15.95", "description": "(breaded & deep-fried pork)" },
    { "name": "Shrimp Katsu", "price": "15.95", "description": "(breaded & deep-fried shrimp)" },
    { "name": "Beef Teriyaki", "price": "17.95", "description": "(grilled beef w/ teriyaki sauce)", "locations": ["lodi", "stockton", "galt"] },
    { "name": "Salmon Teriyaki or Shioyaki", "price": "18.95", "description": "(grilled salmon w/ teriyaki sauce or lightly salted)" },
    { "name": "Mackerel Shioyaki (Saba)", "price": "17.95", "description": "(lightly salted grilled mackerel w/ lemon)" },
    { "name": "Udon (Noodle Soup)", "price": "14.95", "description": "Udon with choice of side: Tempura, Chicken Teriyaki or Katsu, Beef Teriyaki*", "notes": "*Beef Teriyaki side not available at Discovery Bay" },
    { "name": "Unagi Don", "price": "18.95", "description": "(broiled eel over rice)" },
    { "name": "Chicken Teriyaki Don", "price": "10.95(S) / 14.95(L)", "description": "" },
    { "name": "Beef Teriyaki Don", "price": "15.95", "description": "(only large size available)", "locations": ["lodi", "stockton", "galt"] }
  ],
  "rolls": [
    { "name": "California Maki", "price": "5.95", "description": "(imitation crab meat w/ avocado)" },
    { "name": "Kappa Maki", "price": "5.95", "description": "(cucumber)" },
    { "name": "Tekka Maki", "price": "8.95", "description": "(tuna)" },
    { "name": "BBQ Salmon Skin Maki", "price": "8.95", "description": "" },
    { "name": "Ebi Maki", "price": "8.95", "description": "(steamed shrimp w/ avocado)" },
    { "name": "Chicken or Beef Teriyaki Maki", "price": "7.95", "description": "(w/ avocado)" },
    { "name": "Unagi Maki", "price": "8.95", "description": "(w/ avocado & cucumber)" },
    { "name": "Inari", "price": "7.95", "description": "(sweet tofu skin stuffed w/ sushi rice)" },
    { "name": "Futo Maki", "price": "12.95", "description": "(vegetable)" },
    { "name": "Spider Maki", "price": "14.95", "description": "(deep-fried soft-shell crab w/ avocado & cucumber)" },
    { "name": "California Temaki (Hand Roll)", "price": "6.95", "description": "" },
    { "name": "Tuna Temaki (Hand Roll)", "price": "6.95", "description": "" },
    { "name": "Yellowtail Temaki (Hand Roll)", "price": "6.95", "description": "" },
    { "name": "Shrimp Temaki (Hand Roll)", "price": "6.95", "description": "" },
    { "name": "BBQ Salmon Skin Temaki (Hand Roll)", "price": "6.95", "description": "" },
    { "name": "Unagi Temaki (Hand Roll)", "price": "6.95", "description": "" },
    { "name": "Soft-Shell Crab Temaki (Hand Roll)", "price": "8.95", "description": "" },
    { "name": "House Roll", "price": "8.95", "description": "(asparagus, imitation crab, mayonnaise)" },
    { "name": "Houston Roll", "price": "8.95", "description": "(cucumber roll w/ salmon & avocado)" },
    { "name": "Alaska Roll", "price": "8.95", "description": "(cucumber roll w/ tuna, avocado, & spicy sauce)" },
    { "name": "Philadelphia Roll", "price": "8.95", "description": "(smoked salmon & cheese)" },
    { "name": "Tempura Roll", "price": "8.95", "description": "(deep-fried shrimp, cucumber, avocado & crab mayo)" },
    { "name": "Las Vegas Roll", "price": "8.95", "description": "(deep-fried California roll w/ tuna)" },
    { "name": "Matsuyama Roll", "price": "8.95", "description": "(breaded deep-fried shrimp, cucumber, avocado & crab mayo)" },
    { "name": "Volcano Roll", "price": "8.95", "description": "(deep-fried shrimp, mixed imitation crab, mayo & spicy sauce)" },
    { "name": "Boston Roll", "price": "8.95", "description": "(salmon roll w/ tobiko & avocado)" },
    { "name": "Rock 'N Roll", "price": "8.95", "description": "(tuna roll w/ tobiko & avocado)" },
    { "name": "Hawaii Roll", "price": "9.95", "description": "(tuna, salmon, yellowtail & cream cheese w/ green onion & spicy sauce)" },
    { "name": "Caterpillar Roll", "price": "9.95", "description": "(salmon roll w/ green onion, avocado & tobiko)" },
    { "name": "Special California Roll", "price": "9.95", "description": "(deep-fried California roll w/ crab mayo)" },
    { "name": "House Spicy Tekka Maki", "price": "9.95", "description": "(marinated spicy tuna, cucumber & avocado)" },
    { "name": "49er Roll", "price": "9.95", "description": "(cucumber roll w/ tobiko, tuna, salmon & avocado)" },
    { "name": "Hanabi Roll", "price": "9.95", "description": "(deep-fried California roll w/ tuna & dressing, spicy sauce, unagi sauce)" },
    { "name": "Hollywood Roll", "price": "10.95", "description": "(cucumber roll w/ steamed shrimp, avocado, crab mayo & tobiko)" },
    { "name": "Small Dragon", "price": "10.95", "description": "(California roll, eel & tobiko)" },
    { "name": "Millennium Roll", "price": "10.95", "description": "(deep-fried shrimp, avocado, cucumber, eel & tobiko)" },
    { "name": "Kings Roll", "price": "11.95", "description": "(deep-fried shrimp w/ mayo, avocado & honey sauce)" },
    { "name": "Lakewood Roll", "price": "11.95", "description": "(grilled snapper w/ asparagus, tobiko, crab mayo & spicy sauce)" },
    { "name": "Black Forest", "price": "11.95", "description": "(grilled tuna w/ asparagus, crab mayo, unagi sauce & black tobiko)" },
    { "name": "Reno Roll", "price": "11.95", "description": "(tuna, salmon w/ avocado, crab mayo & tobiko)" },
    { "name": "Rainbow Roll", "price": "11.95", "description": "(assorted sliced raw fish on top of California roll, tobiko)" },
    { "name": "Tiger Roll", "price": "14.95", "description": "(deep-fried shrimp w/ unagi, ebi, pickles, spicy crab mayo, honey sauce & tobiko)" },
    { "name": "Black Dragon", "price": "14.95", "description": "(tuna, spicy crab mayo, crispy flakes, onion, avocado, black tobiko, unagi)" },
    { "name": "Red Dragon", "price": "14.95", "description": "(spicy tuna, cucumber, onion, deep-fried shrimp, avocado & tobiko)" },
    { "name": "Golden Dragon", "price": "14.95", "description": "(deep-fried shrimp, spicy mayo, cucumber, avocado, crispy flake, unagi, tobiko & spicy sauce)" },
    { "name": "Crazy Monkey", "price": "14.95", "description": "(tempura asparagus, spicy crab mayo, seared salmon, ebi, lemon zest, tobiko & spicy red chili sauce)" },
    { "name": "Bad Boy", "price": "14.95", "description": "(deep-fried shrimp, cucumber, crab mayo, seared scallop, tobiko, onion & spicy sauce)" },
    { "name": "Sakura", "price": "14.95", "description": "(steamed shrimp, avocado, tuna, tobiko)" },
    { "name": "Lion Roll", "price": "14.95", "description": "(deep-fried shrimp w/ seared salmon, avocado, green onion, tobiko, unagi sauce & spicy sauce)" },
    { "name": "Island Roll", "price": "14.95", "description": "(unagi, spicy mayo, cucumber, avocado & ebi topped w/ honey sauce, cashews, tobiko & spicy sauce)" },
    { "name": "Jungle Roll", "price": "14.95", "description": "(tuna, cucumber, albacore, tobiko, seaweed salad & spicy sauce)" },
    { "name": "Princess Roll", "price": "14.95", "description": "(ebi, crab mayo, avocado, cucumber, tuna, unagi, tobiko, onion)" },
    { "name": "Bonsai Roll", "price": "14.95", "description": "(deep-fried shrimp, asparagus, crab mayo, tuna, salmon, avocado, tobiko, onion)" },
    { "name": "Samurai Roll", "price": "14.95", "description": "(breaded deep-fried unagi, asparagus, crab mayo, tuna, salmon, tobiko & spicy sauce)" },
    { "name": "Large Dragon", "price": "14.95", "description": "(deep-fried shrimp w/ unagi, avocado, cucumber & tobiko)" },
    { "name": "Quail Lake", "price": "16.95", "description": "(spicy tuna, deep-fried shrimp, cucumber, crab mayo, scallop, unagi, tobiko, onion & spicy sauce)" },
    { "name": "Crunchy Scallop", "price": "16.95", "description": "(asparagus, ebi, cucumber, crab mayo, deep-fried scallop, tobiko, onion & spicy sauce)" },
    { "name": "Triple 'S' Roll", "price": "16.95", "description": "(steamed shrimp, cucumber, avocado, creamy mayo, deep-fried snapper, spicy scallop, tobiko, green onion)" },
    { "name": "Lobster Roll", "price": "17.95", "description": "(deep-fried shrimp, asparagus, crab mayo, avocado, creamy lobster, tobiko & spicy sauce)" },
    { "name": "Red Rose", "price": "17.95", "description": "(spicy tuna, deep-fried shrimp, asparagus, crab mayo, cream cheese, scallop, super white tuna, tobiko, onion & spicy sauce)" },
    { "name": "Spiderman Roll", "price": "17.95", "description": "(soft-shell crab, cucumber, avocado, crab mayo, tuna, hamachi, unagi, cashews, tobiko & spicy sauce)" }
  ]
} 